node1,node2,startLat,startLon,endLat,endLon,endNodeL,startNodeL,startYear,endYear,greatCircleDist_km,treeID
1,2,12.33,9.65,7.02227896023009,11.2081041922828,3.39499999999998,0,2000,2003.395,615.100095305681,-9999
1,3,12.33,9.65,7.01997507792703,9.90970805699958,0.859500000000025,0,2000,2000.8595,591.818651944317,-9999
3,4,7.01997507792703,9.90970805699958,6.98633814660168,5.38496654017707,2.67450000000008,0.859500000000025,2000.8595,2002.6745,499.965852970687,-9999
3,5,7.01997507792703,9.90970805699958,3.19115800909046,11.961864512079,4.32799999999997,0.859500000000025,2000.8595,2004.328,483.153800033816,-9999
5,11,3.19115800909046,11.961864512079,3.72037809797396,12.8266462539672,5.46550000000002,4.32799999999997,2004.328,2005.4655,112.717753762648,-9999
4,6,6.98633814660168,5.38496654017707,10.209003863371,2.89855017583656,5.51749999999993,2.67450000000008,2002.6745,2005.5175,451.211325688698,-9999
11,12,3.72037809797396,12.8266462539672,3.77147575249415,12.4758590835391,5.6255000000001,5.46550000000002,2005.4655,2005.6255,39.3805546130899,-9999
5,10,3.19115800909046,11.961864512079,3.17100900642494,11.4922982406289,5.64300000000003,4.32799999999997,2004.328,2005.643,52.2415645216637,-9999
6,14,10.209003863371,2.89855017583656,11.6134412520766,3.71505096240204,5.83200000000011,5.51749999999993,2005.5175,2005.832,180.028115080995,-9999
2,8,7.02227896023009,11.2081041922828,7.24643128902477,13.7349867076838,5.83649999999989,3.39499999999998,2003.395,2005.8365,280.237061477984,-9999
14,18,11.6134412520766,3.71505096240204,11.9757809372646,4.36015953167757,6.04349999999999,5.83200000000011,2005.832,2006.0435,81.0500208651647,-9999
8,21,7.24643128902477,13.7349867076838,8.29729032553233,14.3112877139486,6.04950000000008,5.83649999999989,2005.8365,2006.0495,133.14001686405,-9999
11,13,3.72037809797396,12.8266462539672,3.90590297874087,13.5146390241519,6.20399999999995,5.46550000000002,2005.4655,2006.204,79.1621316498728,-9999
13,25,3.90590297874087,13.5146390241519,3.41407744668718,13.4640512975954,6.28950000000009,6.20399999999995,2006.204,2006.2895,55.0396105522922,-9999
14,19,11.6134412520766,3.71505096240204,9.94122695217625,3.9932508646359,7.00250000000005,5.83200000000011,2005.832,2007.0025,188.626917859134,-9999
21,22,8.29729032553233,14.3112877139486,8.50353373865888,14.1539528403801,7.06549999999993,6.04950000000008,2006.0495,2007.0655,28.7643017633341,-9999
12,17,3.77147575249415,12.4758590835391,3.08425212572526,14.8655155215712,7.35850000000005,5.6255000000001,2005.6255,2007.3585,276.348972846828,-9999
13,24,3.90590297874087,13.5146390241519,4.0327974023324,16.3070857326001,7.42699999999991,6.20399999999995,2006.204,2007.427,310.441640057432,-9999
25,26,3.41407744668718,13.4640512975954,3.25355985290054,12.7048466717716,8.07950000000005,6.28950000000009,2006.2895,2008.0795,86.2460390779163,-9999
8,20,7.24643128902477,13.7349867076838,5.063333966812,13.053036516378,8.32150000000001,5.83649999999989,2005.8365,2008.3215,254.480779011153,-9999
19,28,9.94122695217625,3.9932508646359,14.2006902404808,3.97890500951122,9.09349999999995,7.00250000000005,2007.0025,2009.0935,474.182514500391,-9999
24,32,4.0327974023324,16.3070857326001,5.17299140944241,16.1972984693868,9.16350000000011,7.42699999999991,2007.427,2009.1635,127.514076729086,-9999
21,23,8.29729032553233,14.3112877139486,15.1825069135189,11.1526959911609,9.23399999999992,6.04950000000008,2006.0495,2009.234,840.158029095524,-9999
32,37,5.17299140944241,16.1972984693868,4.14676682704522,16.1427099409791,9.4855,9.16350000000011,2009.1635,2009.4855,114.403738582417,-9999
19,29,9.94122695217625,3.9932508646359,13.6077998630855,0.879849310652414,9.64650000000006,7.00250000000005,2007.0025,2009.6465,530.744214467539,-9999
6,15,10.209003863371,2.89855017583656,6.88275668821705,12.9076566173887,9.77050000000008,5.51749999999993,2005.5175,2009.7705,1162.24977822314,-9999
24,33,4.0327974023324,16.3070857326001,3.06524140941608,15.5964739123844,9.83150000000001,7.42699999999991,2007.427,2009.8315,133.550912989935,-9999
28,35,14.2006902404808,3.97890500951122,15.8156718581742,2.36183297218772,9.83400000000006,9.09349999999995,2009.0935,2009.834,250.10802740831,-9999
23,39,15.1825069135189,11.1526959911609,15.3184931663842,11.5822373043671,10.0640000000001,9.23399999999992,2009.234,2010.064,48.5545574022361,-9999
33,46,3.06524140941608,15.5964739123844,3.34264029487293,15.8553806839194,10.2650000000001,9.83150000000001,2009.8315,2010.265,42.2111782633204,-9999
29,43,13.6077998630855,0.879849310652414,15.6315937179561,0.313191751669261,10.3575000000001,9.64650000000006,2009.6465,2010.3575,233.418001218521,-9999
17,31,3.08425212572526,14.8655155215712,3.54562417160148,15.6298809960184,10.451,7.35850000000005,2007.3585,2010.451,99.2695626051866,-9999
23,38,15.1825069135189,11.1526959911609,17.4647013308668,11.6553410538424,10.5505000000001,9.23399999999992,2009.234,2010.5505,259.675097951758,-9999
37,40,4.14676682704522,16.1427099409791,4.69021440100485,15.6811699833057,10.6210000000001,9.4855,2009.4855,2010.621,79.2738881163395,-9999
32,36,5.17299140944241,16.1972984693868,8.04314433190932,13.957286064989,10.9090000000001,9.16350000000011,2009.1635,2010.909,404.274298256431,-9999
43,50,15.6315937179561,0.313191751669261,15.66202221116,1.51726836953768,11.1099999999999,10.3575000000001,2010.3575,2011.11,129.119465711651,-9999
4,7,6.98633814660168,5.38496654017707,13.0064687906812,1.79684269176134,11.2065,2.67450000000008,2002.6745,2011.2065,777.005367086884,-9999
25,27,3.41407744668718,13.4640512975954,4.42528196864478,12.7449661191606,11.2094999999999,6.28950000000009,2006.2895,2011.2095,138.023117337716,-9999
33,47,3.06524140941608,15.5964739123844,3.61374466042049,15.6477814673254,11.2829999999999,9.83150000000001,2009.8315,2011.283,61.3271607705933,-9999
43,51,15.6315937179561,0.313191751669261,14.1678250686168,0.319393213195145,11.2945,10.3575000000001,2010.3575,2011.2945,162.953758769318,-9999
35,48,15.8156718581742,2.36183297218772,14.7075675110877,2.42307250967749,11.3579999999999,9.83400000000006,2009.834,2011.358,123.533665063726,-9999
15,44,6.88275668821705,12.9076566173887,5.04352361872023,13.6671091631757,11.422,9.77050000000008,2009.7705,2011.422,221.343403467486,-9999
35,49,15.8156718581742,2.36183297218772,11.276609295775,2.25189799520818,11.482,9.83400000000006,2009.834,2011.482,505.445986707559,-9999
7,56,13.0064687906812,1.79684269176134,12.6337972879681,-0.622043371383904,11.546,11.2065,2011.2065,2011.546,265.822945211434,-9999
44,67,5.04352361872023,13.6671091631757,5.21361699937213,12.8153228114484,11.5545,11.422,2011.422,2011.5545,96.3240048807932,-9999
29,42,13.6077998630855,0.879849310652414,14.6943319282823,-3.27767860623696,11.5844999999999,9.64650000000006,2009.6465,2011.5845,464.788225053837,-9999
36,55,8.04314433190932,13.957286064989,8.82405281536465,16.1600534392079,11.655,10.9090000000001,2010.909,2011.655,257.674255316811,-9999
7,57,13.0064687906812,1.79684269176134,12.8250195814753,2.4200731600185,11.6635000000001,11.2065,2011.2065,2011.6635,70.5774127977963,-9999
2,9,7.02227896023009,11.2081041922828,10.2028522318488,16.470453973451,11.694,3.39499999999998,2003.395,2011.694,678.797180338344,-9999
28,34,14.2006902404808,3.97890500951122,15.3038688118799,7.28951630772823,11.7055,9.09349999999995,2009.0935,2011.7055,376.957613961229,-9999
47,61,3.61374466042049,15.6477814673254,3.59750222214815,16.9771683578338,11.7165,11.2829999999999,2011.283,2011.7165,147.710607331889,-9999
44,66,5.04352361872023,13.6671091631757,7.25571511525454,16.1619245741996,11.905,11.422,2011.422,2011.905,369.985124738961,-9999
56,71,12.6337972879681,-0.622043371383904,13.5365858848608,-0.503715461617049,12.1075000000001,11.546,2011.546,2012.1075,101.317613489239,-9999
51,63,14.1678250686168,0.319393213195145,11.6762849351494,1.03412980410506,12.164,11.2945,2011.2945,2012.164,288.003808611869,-9999
9,76,10.2028522318488,16.470453973451,10.7832598389125,16.129631576953,12.2194999999999,11.694,2011.694,2012.2195,74.6101875724974,-9999
76,87,10.7832598389125,16.129631576953,10.7557671978926,16.3579934419814,12.2415000000001,12.2194999999999,2012.2195,2012.2415,25.1611988042543,-9999
71,82,13.5365858848608,-0.503715461617049,12.4199931255343,0.289311665175474,12.259,12.1075000000001,2012.1075,2012.259,151.168209457064,-9999
66,80,7.25571511525454,16.1619245741996,7.01325631571687,15.9389390685363,12.268,11.905,2011.905,2012.268,36.5409889701801,-9999
37,41,4.14676682704522,16.1427099409791,4.45367011512246,15.7155080932697,12.3154999999999,9.4855,2009.4855,2012.3155,58.4492212400606,-9999
63,85,11.6762849351494,1.03412980410506,11.1608312182364,1.03500697810963,12.3495,12.164,2012.164,2012.3495,57.3823832129332,-9999
57,75,12.8250195814753,2.4200731600185,12.4055203993899,0.573178154490975,12.357,11.6635000000001,2011.6635,2012.357,206.002255888633,-9999
82,91,12.4199931255343,0.289311665175474,12.873387522642,0.269123252313751,12.5595000000001,12.259,2012.259,2012.5595,50.5212348915579,-9999
75,96,12.4055203993899,0.573178154490975,12.3970486605399,0.656565833815825,12.6869999999999,12.357,2012.357,2012.687,9.11536221358481,-9999
48,65,14.7075675110877,2.42307250967749,17.1457032941159,0.627969351426011,12.6975,11.3579999999999,2011.358,2012.6975,332.55257958717,-9999
41,94,4.45367011512246,15.7155080932697,3.17188561455243,14.7146874116671,12.7025000000001,12.3154999999999,2012.3155,2012.7025,180.884754680634,-9999
34,78,15.3038688118799,7.28951630772823,12.425808598054,6.22813007798124,12.864,11.7055,2011.7055,2012.864,340.309180621342,-9999
27,59,4.42528196864478,12.7449661191606,3.23593041697287,14.2615078350006,12.904,11.2094999999999,2011.2095,2012.904,214.254559185934,-9999
27,58,4.42528196864478,12.7449661191606,6.95621855452973,9.54623672553012,12.9085,11.2094999999999,2011.2095,2012.9085,452.681547886338,-9999
75,97,12.4055203993899,0.573178154490975,11.6664343548369,-0.201176628471613,12.9255000000001,12.357,2012.357,2012.9255,117.803095896283,-9999
91,98,12.873387522642,0.269123252313751,13.8859962390071,-0.759664628103657,12.953,12.5595000000001,2012.5595,2012.953,158.497757421156,-9999
97,107,11.6664343548369,-0.201176628471613,11.3345509870414,-1.21566385209915,13.038,12.9255000000001,2012.9255,2013.038,116.673351334069,-9999
41,95,4.45367011512246,15.7155080932697,5.55795260392431,16.7476084350907,13.0650000000001,12.3154999999999,2012.3155,2013.065,167.96727972872,-9999
17,30,3.08425212572526,14.8655155215712,6.32901474739404,13.4211284306338,13.0699999999999,7.35850000000005,2007.3585,2013.07,395.162523398451,-9999
98,108,13.8859962390071,-0.759664628103657,13.5140956300378,-0.607072499931439,13.1025,12.953,2012.953,2013.1025,44.5696415362,-9999
15,45,6.88275668821705,12.9076566173887,3.71598523788142,12.0803165444196,13.1755000000001,9.77050000000008,2009.7705,2013.1755,364.267575119575,-9999
94,100,3.17188561455243,14.7146874116671,3.75612570445095,14.7417126108017,13.194,12.7025000000001,2012.7025,2013.194,65.1091604418504,-9999
48,64,14.7075675110877,2.42307250967749,16.8402139923353,0.613313591310363,13.1949999999999,11.3579999999999,2011.358,2013.195,306.513317155134,-9999
63,84,11.6762849351494,1.03412980410506,11.2003575297808,-1.472396335877,13.277,12.164,2012.164,2013.277,278.577134241002,-9999
31,52,3.54562417160148,15.6298809960184,4.29641670840805,16.2601136113452,13.3305,10.451,2010.451,2013.3305,109.018959332242,-9999
31,53,3.54562417160148,15.6298809960184,4.76330291342512,15.6988698677633,13.366,10.451,2010.451,2013.366,135.772951588346,-9999
94,101,3.17188561455243,14.7146874116671,4.75314936886792,15.1484036282914,13.4565,12.7025000000001,2012.7025,2013.4565,182.503068596126,-9999
95,112,5.55795260392431,16.7476084350907,6.58539526583126,16.9612007217775,13.4780000000001,13.0650000000001,2013.065,2013.478,116.797175179524,-9999
49,68,11.276609295775,2.25189799520818,16.6703875659261,8.23225533736341,13.4865,11.482,2011.482,2013.4865,881.786369306905,-9999
68,128,16.6703875659261,8.23225533736341,16.8759258391909,8.24828125297293,13.5255,13.4865,2013.4865,2013.5255,22.9449875959373,-9999
52,121,4.29641670840805,16.2601136113452,3.97422991540914,16.5161012169977,13.527,13.3305,2013.3305,2013.527,45.763866855551,-9999
82,90,12.4199931255343,0.289311665175474,13.7658212060429,-1.73034920116514,13.5840000000001,12.259,2012.259,2013.584,265.332587328294,-9999
108,116,13.5140956300378,-0.607072499931439,13.3550310147108,-0.266305935346794,13.6735000000001,13.1025,2013.1025,2013.6735,40.9264942391909,-9999
128,131,16.8759258391909,8.24828125297293,17.6767663223318,7.97703125629817,13.7555,13.5255,2013.5255,2013.7555,93.6994813949311,-9999
57,74,12.8250195814753,2.4200731600185,12.1880809443285,-0.0246484436100527,13.9135000000001,11.6635000000001,2011.6635,2013.9135,274.994174130675,-9999
53,123,4.76330291342512,15.6988698677633,6.09911055125793,16.6582888869911,14.0530000000001,13.366,2013.366,2014.053,182.80782717797,-9999
91,99,12.873387522642,0.269123252313751,15.8648740443649,0.477712451694684,14.0595000000001,12.5595000000001,2012.5595,2014.0595,333.782502178342,-9999
12,16,3.77147575249415,12.4758590835391,4.94022263852098,19.9232662571879,14.134,5.6255000000001,2005.6255,2014.134,836.837947541795,-9999
51,62,14.1678250686168,0.319393213195145,9.85945926744654,6.1582939085279,14.1555000000001,11.2945,2011.2945,2014.1555,796.250171207527,-9999
99,140,15.8648740443649,0.477712451694684,16.2487269650783,0.659918311372122,14.1555000000001,14.0595000000001,2014.0595,2014.1555,46.9678702906415,-9999
74,137,12.1880809443285,-0.0246484436100527,13.0395860674325,-1.54992961712207,14.3409999999999,13.9135000000001,2013.9135,2014.341,190.898274159333,-9999
62,144,9.85945926744654,6.1582939085279,8.28679288816536,6.37388110921057,14.3525,14.1555000000001,2014.1555,2014.3525,176.672019577543,-9999
144,150,8.28679288816536,6.37388110921057,8.3990493023643,6.46533270723826,14.3630000000001,14.3525,2014.3525,2014.363,16.0510407517221,-9999
30,115,6.32901474739404,13.4211284306338,11.1310915570837,12.4248173636999,14.365,13.0699999999999,2013.07,2014.365,545.70391409322,-9999
131,134,17.6767663223318,7.97703125629817,17.0647630184207,9.23517358095144,14.402,13.7555,2013.7555,2014.402,150.033624725517,-9999
49,69,11.276609295775,2.25189799520818,9.42078258971184,4.7717254343756,14.567,11.482,2011.482,2014.567,344.710573973351,-9999
47,60,3.61374466042049,15.6477814673254,5.05339275247206,17.3702867264883,14.588,11.2829999999999,2011.283,2014.588,249.487472436424,-9999
101,124,4.75314936886792,15.1484036282914,3.08755818201036,15.1502128069865,14.6255000000001,13.4565,2013.4565,2014.6255,185.420168238,-9999
107,111,11.3345509870414,-1.21566385209915,9.76367821446649,-1.39875950469918,14.6344999999999,13.038,2013.038,2014.6345,176.019882967327,-9999
59,102,3.23593041697287,14.2615078350006,4.26927721750201,14.506896998583,14.672,12.904,2012.904,2014.672,118.221646922973,-9999
108,117,13.5140956300378,-0.607072499931439,14.1711773053672,-0.103218906376758,14.673,13.1025,2013.1025,2014.673,91.1965586754982,-9999
90,132,13.7658212060429,-1.73034920116514,10.5135611581497,-1.72276188448493,14.6869999999999,13.5840000000001,2013.584,2014.687,362.055121278239,-9999
115,153,11.1310915570837,12.4248173636999,9.80381869356722,12.2656433698734,14.6885,14.365,2014.365,2014.6885,148.781017967033,-9999
98,109,13.8859962390071,-0.759664628103657,11.8706838572792,0.137722734700032,14.7004999999999,12.953,2012.953,2014.7005,244.575570545897,-9999
115,152,11.1310915570837,12.4248173636999,10.73505785916,13.4774491777251,14.7014999999999,14.365,2014.365,2014.7015,123.21358484463,-9999
112,126,6.58539526583126,16.9612007217775,6.80223055062224,15.552294921786,14.7055,13.4780000000001,2013.478,2014.7055,157.63471300719,-9999
87,154,10.7557671978926,16.3579934419814,16.7232832771213,15.7599831677817,14.723,12.2415000000001,2012.2415,2014.723,NA,-9999
30,114,6.32901474739404,13.4211284306338,7.7148067920576,15.7809224871869,14.8009999999999,13.0699999999999,2013.07,2014.801,302.946893522508,-9999
16,143,4.94022263852098,19.9232662571879,5.00945171299648,19.7815137818291,14.848,14.134,2014.134,2014.848,17.5084246323667,-9999
36,54,8.04314433190932,13.957286064989,6.43078805629249,9.96213048214147,14.894,10.9090000000001,2010.909,2014.894,476.311114317571,-9999
16,142,4.94022263852098,19.9232662571879,5.95326918728789,17.8585045720905,14.9135000000001,14.134,2014.134,2014.9135,255.09873146417,-9999
56,70,12.6337972879681,-0.622043371383904,11.401911436954,0.703328891182575,14.9739999999999,11.546,2011.546,2014.974,199.077503279065,-9999
84,119,11.2003575297808,-1.472396335877,13.2120983880443,-1.19295995200055,14.9870000000001,13.277,2013.277,2014.987,226.009026592255,-9999
142,172,5.95326918728789,17.8585045720905,5.92499503049224,17.5799217445781,14.9905000000001,14.9135000000001,2014.9135,2014.9905,31.0066276312101,-9999
152,164,10.73505785916,13.4774491777251,10.9353665876543,15.1101731731304,15.0335,14.7014999999999,2014.7015,2015.0335,179.907699652479,-9999
42,73,14.6943319282823,-3.27767860623696,14.1421306304235,-3.03125869405665,15.066,11.5844999999999,2011.5845,2015.066,66.9688454341001,-9999
119,177,13.2120983880443,-1.19295995200055,13.3980932692071,-2.13168824298409,15.0799999999999,14.9870000000001,2014.987,2015.08,103.784167779244,-9999
80,92,7.01325631571687,15.9389390685363,7.47758644629185,15.7305314987237,15.2460000000001,12.268,2012.268,2015.246,56.5833159607321,-9999
66,81,7.25571511525454,16.1619245741996,11.3832702077718,15.7915278123065,15.2715000000001,11.905,2011.905,2015.2715,461.292657075697,-9999
60,158,5.05339275247206,17.3702867264883,6.2357648528904,17.3276468288806,15.2925,14.588,2014.588,2015.2925,131.710974092594,-9999
54,171,6.43078805629249,9.96213048214147,8.16535104099461,9.92851097278576,15.3695,14.894,2014.894,2015.3695,NA,-9999
84,118,11.2003575297808,-1.472396335877,10.7679886313112,-0.858963917571287,15.412,13.277,2013.277,2015.412,82.5283687926167,-9999
144,151,8.28679288816536,6.37388110921057,7.14829386025072,-0.192367840408498,15.4190000000001,14.3525,2014.3525,2015.419,735.344221154657,-9999
34,79,15.3038688118799,7.28951630772823,20.3398556904621,12.0227308420352,15.4400000000001,11.7055,2011.7055,2015.44,752.138455760396,-9999
107,110,11.3345509870414,-1.21566385209915,16.2709106698981,-1.62703456729416,15.4459999999999,13.038,2013.038,2015.446,551.329984659902,-9999
102,163,4.26927721750201,14.506896998583,5.47563487252234,15.1930503572221,15.4670000000001,14.672,2014.672,2015.467,154.362939520397,-9999
62,145,9.85945926744654,6.1582939085279,8.0839058680009,6.61916372714385,15.508,14.1555000000001,2014.1555,2015.508,204.054184105921,-9999
145,203,8.0839058680009,6.61916372714385,7.67670959121065,6.2266065680259,15.5409999999999,15.508,2015.508,2015.541,62.6796427717631,-9999
142,173,5.95326918728789,17.8585045720905,6.6011102730913,15.4648364623005,15.5525,14.9135000000001,2014.9135,2015.5525,274.516072415298,-9999
172,178,5.92499503049224,17.5799217445781,7.16569042633909,17.3841087007357,15.5715,14.9905000000001,2014.9905,2015.5715,139.806476046934,-9999
87,88,10.7557671978926,16.3579934419814,7.82758984964959,19.6030449708975,15.6015,12.2415000000001,2012.2415,2015.6015,483.042702323333,-9999
111,160,9.76367821446649,-1.39875950469918,13.184143969956,1.40846893849188,15.6659999999999,14.6344999999999,2014.6345,2015.666,488.630643908521,-9999
69,157,9.42078258971184,4.7717254343756,10.5979691278522,9.07684557488121,15.692,14.567,2014.567,2015.692,489.812035793663,-9999
140,147,16.2487269650783,0.659918311372122,16.6182383643267,2.00814354606249,15.6959999999999,14.1555000000001,2014.1555,2015.696,149.719581486213,-9999
137,149,13.0395860674325,-1.54992961712207,11.5423786762252,-3.67825335231,15.7049999999999,14.3409999999999,2014.341,2015.705,285.254588321307,-9999
81,188,11.3832702077718,15.7915278123065,11.2545240626564,15.7499693138755,15.722,15.2715000000001,2015.2715,2015.722,15.0333178436714,-9999
203,205,7.67670959121065,6.2266065680259,8.11890864776282,7.14499589587957,15.7405000000001,15.5409999999999,2015.541,2015.7405,112.599550930492,-9999
163,200,5.47563487252234,15.1930503572221,5.35090923028942,15.6761729614506,15.75,15.4670000000001,2015.467,2015.75,55.3142478295589,-9999
123,139,6.09911055125793,16.6582888869911,3.95142968505404,14.0633055928571,15.7665,14.0530000000001,2014.053,2015.7665,374.120978909216,-9999
173,206,6.6011102730913,15.4648364623005,6.8419750364472,15.7573069716807,15.7909999999999,15.5525,2015.5525,2015.791,42.0065659140214,-9999
151,194,7.14829386025072,-0.192367840408498,6.8444985574094,-0.716379606933303,15.8135,15.4190000000001,2015.419,2015.8135,67.0540542810877,-9999
188,212,11.2545240626564,15.7499693138755,10.838905485028,15.3765875741074,15.8135,15.722,2015.722,2015.8135,61.6852386257222,-9999
90,133,13.7658212060429,-1.73034920116514,14.3561485886226,-5.43979159923663,15.8744999999999,13.5840000000001,2013.584,2015.8745,405.925338728411,-9999
70,175,11.401911436954,0.703328891182575,9.61982226343218,2.0498417121266,15.885,14.9739999999999,2014.974,2015.885,247.140102115347,-9999
119,176,13.2120983880443,-1.19295995200055,14.5906753931548,-3.13676144738707,15.9105,14.9870000000001,2014.987,2015.9105,260.139034190969,-9999
205,214,8.11890864776282,7.14499589587957,10.0616023884249,5.69903837004884,15.9525000000001,15.7405000000001,2015.7405,2015.9525,268.391005284086,-9999
118,192,10.7679886313112,-0.858963917571287,10.7124818869664,-1.44213846701796,15.9594999999999,15.412,2015.412,2015.9595,64.0825718011925,-9999
112,127,6.58539526583126,16.9612007217775,9.54258109744384,18.8504502258678,16.0315000000001,13.4780000000001,2013.478,2016.0315,389.524521890811,-9999
71,83,13.5365858848608,-0.503715461617049,12.1543464606646,-5.6302050842745,16.077,12.1075000000001,2012.1075,2016.077,577.279120291208,-9999
99,141,15.8648740443649,0.477712451694684,16.0302922645685,1.8483038763406,16.1120000000001,14.0595000000001,2014.0595,2016.112,147.858186998581,-9999
92,186,7.47758644629185,15.7305314987237,7.73829562086298,16.1624062281809,16.1315,15.2460000000001,2015.246,2016.1315,55.7970790126483,-9999
160,210,13.184143969956,1.40846893849188,12.5047069913764,0.065122265688875,16.2950000000001,15.6659999999999,2015.666,2016.295,164.25484207858,-9999
69,156,9.42078258971184,4.7717254343756,7.44724953554433,7.09834509318105,16.4105,14.567,2014.567,2016.4105,337.496249795794,-9999
177,184,13.3980932692071,-2.13168824298409,10.2000443387135,-2.3080615928458,16.518,15.0799999999999,2015.08,2016.518,356.537446698433,-9999
54,169,6.43078805629249,9.96213048214147,11.2069846274588,5.23589933074793,16.5239999999999,14.894,2014.894,2016.524,743.543897805492,-9999
214,224,10.0616023884249,5.69903837004884,8.9155345135413,5.92866897200398,16.5505000000001,15.9525000000001,2015.9525,2016.5505,130.052153939251,-9999
59,103,3.23593041697287,14.2615078350006,4.92566168531398,14.4056169779756,16.5764999999999,12.904,2012.904,2016.5765,188.786791909527,-9999
73,183,14.1421306304235,-3.03125869405665,14.3263967448234,-5.44073814365114,16.5820000000001,15.066,2015.066,2016.582,260.804112570355,-9999
175,223,9.61982226343218,2.0498417121266,10.7721211052118,2.92671245824729,16.5820000000001,15.885,2015.885,2016.582,160.266701679935,-9999
133,221,14.3561485886226,-5.43979159923663,14.4260467066233,-6.4353759697956,16.5875000000001,15.8744999999999,2015.8745,2016.5875,107.636131697847,-9999
203,204,7.67670959121065,6.2266065680259,11.6833985010326,-0.302955431995184,16.6410000000001,15.5409999999999,2015.541,2016.641,843.888346210602,-9999
73,182,14.1421306304235,-3.03125869405665,14.7433060522574,-4.46334649244502,16.6875,15.066,2015.066,2016.6875,168.267883347852,-9999
133,220,14.3561485886226,-5.43979159923663,14.2047693411883,-6.54922546973674,16.6949999999999,15.8744999999999,2015.8745,2016.695,120.870509619524,-9999
92,187,7.47758644629185,15.7305314987237,10.2264190092566,17.8805345924274,16.7025000000001,15.2460000000001,2015.246,2016.7025,386.731373636566,-9999
200,216,5.35090923028942,15.6761729614506,5.85598275998221,15.2263808597864,16.7025000000001,15.75,2015.75,2016.7025,75.1318192167465,-9999
175,222,9.61982226343218,2.0498417121266,11.2101384675672,1.62697263710069,16.7439999999999,15.885,2015.885,2016.744,182.993820948633,-9999
126,167,6.80223055062224,15.552294921786,8.69224516670026,14.5688612077328,16.845,14.7055,2014.7055,2016.845,236.720495308892,-9999
110,198,16.2709106698981,-1.62703456729416,17.4132118228909,-1.54456817610037,16.8499999999999,15.4459999999999,2015.446,2016.85,127.468578294065,-9999
68,129,16.6703875659261,8.23225533736341,16.8686038410655,10.0682778563506,16.9349999999999,13.4865,2013.4865,2016.935,196.94024667952,-9999
204,253,11.6833985010326,-0.302955431995184,11.8453497518928,-0.967083853759296,16.9375,16.6410000000001,2016.641,2016.9375,74.5919029519712,-9999
171,191,8.16535104099461,10.8750133028437,8.47684710939977,10.2700384526497,16.9385,15.3695,2015.3695,2016.9385,75.121588866138,-9999
79,197,20.3398556904621,12.0227308420352,19.6552928781787,12.975030545493,16.9974999999999,15.4400000000001,2015.44,2016.9975,125.427277097964,-9999
151,195,7.14829386025072,-0.192367840408498,9.70108487100292,-1.9343610648332,17.0709999999999,15.4190000000001,2015.419,2017.071,342.863383095595,-9999
167,261,8.69224516670026,14.5688612077328,9.65573093380014,15.1122948067214,17.1085,16.845,2016.845,2017.1085,122.765087769936,-9999
191,266,8.47684710939977,10.2700384526497,7.75790553076091,9.68434910434861,17.1590000000001,16.9385,2016.9385,2017.159,102.820414291499,-9999
118,193,10.7679886313112,-0.858963917571287,9.76033254193678,-2.83568895440026,17.1835000000001,15.412,2015.412,2017.1835,243.863582438487,-9999
210,236,12.5047069913764,0.065122265688875,12.8966310879671,-1.80933339739483,17.2,16.2950000000001,2016.295,2017.2,208.188191774379,-9999
9,77,10.2028522318488,16.470453973451,17.3823068095959,6.73727938361257,17.2384999999999,11.694,2011.694,2017.2385,1320.69844438685,-9999
101,125,4.75314936886792,15.1484036282914,5.71855842674316,10.7694388429453,17.2539999999999,13.4565,2013.4565,2017.254,497.196939124493,-9999
60,241,5.05339275247206,17.3702867264883,7.74522881196541,19.938436363038,17.2995000000001,14.588,2014.588,2017.2995,NA,-9999
80,93,7.01325631571687,15.9389390685363,6.68012123422255,15.5160791142152,17.3685,12.268,2012.268,2017.3685,59.6645876918632,-9999
123,138,6.09911055125793,16.6582888869911,10.1081316499965,18.4361405642003,17.3715,14.0530000000001,2014.053,2017.3715,487.40095708032,-9999
76,86,10.7832598389125,16.129631576953,13.7552083818407,19.0037422830115,17.4124999999999,12.2194999999999,2012.2195,2017.4125,455.175286421815,-9999
191,267,8.47684710939977,10.2700384526497,7.63840731150939,11.401208324077,17.4404999999999,16.9385,2016.9385,2017.4405,155.748516193685,-9999
95,113,5.55795260392431,16.7476084350907,5.3355578280041,16.2348212290146,17.4414999999999,13.0650000000001,2013.065,2017.4415,61.9865705722662,-9999
214,225,10.0616023884249,5.69903837004884,10.2638983888955,2.74800323632061,17.4635000000001,15.9525000000001,2015.9525,2017.4635,324.148297034586,-9999
111,161,9.76367821446649,-1.39875950469918,15.6949035287717,-2.58408780190373,17.519,14.6344999999999,2014.6345,2017.519,672.702459114722,-9999
97,106,11.6664343548369,-0.201176628471613,13.438404569777,1.54277790623289,17.5284999999999,12.9255000000001,2012.9255,2017.5285,273.53353626341,-9999
205,215,8.11890864776282,7.14499589587957,7.43332673951641,10.1823860833248,17.5605,15.7405000000001,2015.7405,2017.5605,343.605328209571,-9999
103,246,4.92566168531398,14.4056169779756,4.25755131252902,14.2704023372155,17.5915,16.5764999999999,2016.5765,2017.5915,75.8749644752131,-9999
187,254,10.2264190092566,17.8805345924274,11.6005373825198,19.7384344698374,17.6590000000001,16.7025000000001,2016.7025,2017.659,254.249629799063,-9999
79,196,20.3398556904621,12.0227308420352,19.5104712557881,9.99646990343562,17.6605,15.4400000000001,2015.44,2017.6605,231.292370027418,-9999
261,272,9.65573093380014,15.1122948067214,10.011501083232,16.6930524472416,17.664,17.1085,2017.1085,2017.664,177.855982022067,-9999
178,208,7.16569042633909,17.3841087007357,8.51279556897195,17.7167750178741,17.683,15.5715,2015.5715,2017.683,154.387189533445,-9999
164,180,10.9353665876543,15.1101731731304,9.71718778416599,19.3856599155433,17.6885,15.0335,2015.0335,2017.6885,487.484008807515,-9999
212,218,10.838905485028,15.3765875741074,7.6406035509891,12.8750028202925,17.7090000000001,15.8135,2015.8135,2017.709,449.781356917676,-9999
169,242,11.2069846274588,5.23589933074793,10.5073363339096,6.41117926824375,17.7660000000001,16.5239999999999,2016.524,2017.766,150.256827781221,-9999
178,209,7.16569042633909,17.3841087007357,6.22980837733169,19.2355489052168,17.779,15.5715,2015.5715,2017.779,229.688830792603,-9999
261,273,9.65573093380014,15.1122948067214,10.449611513015,17.1334321381251,17.7954999999999,17.1085,2017.1085,2017.7955,238.521502176001,-9999
223,249,10.7721211052118,2.92671245824729,12.2606190634787,1.23034124548902,17.8395,16.5820000000001,2016.582,2017.8395,248.3898920888,-9999
204,259,11.6833985010326,-0.302955431995184,12.1681240120451,0.578151066320748,17.8525,16.6410000000001,2016.641,2017.8525,NA,-9999
127,226,9.54258109744384,18.8504502258678,7.33208873381021,16.3511105555952,17.9000000000001,16.0315000000001,2016.0315,2017.9,369.180255659255,-9999
188,213,11.2545240626564,15.7499693138755,10.9447854001169,17.8555862025707,17.9110000000001,15.722,2015.722,2017.911,232.589918528391,-9999
140,146,16.2487269650783,0.659918311372122,15.3941087146473,1.81877552376153,17.9124999999999,14.1555000000001,2014.1555,2017.9125,156.387883173509,-9999
198,262,17.4132118228909,-1.54456817610037,19.2010323515198,0.411169849508665,17.9404999999999,16.8499999999999,2016.85,2017.9405,286.935469977805,-9999
164,181,10.9353665876543,15.1101731731304,11.392454000694,16.9109559622932,17.9580000000001,15.0335,2015.0335,2017.958,203.151725846435,-9999
272,294,10.011501083232,16.6930524472416,10.8288853193646,16.9718974894011,17.9935,17.664,2017.664,2017.9935,95.9794236689329,-9999
213,306,10.9447854001169,17.8555862025707,11.2007990452342,18.276599616934,18.0239999999999,17.9110000000001,2017.911,2018.024,54.1103758582603,-9999
198,263,17.4132118228909,-1.54456817610037,18.1789331220356,-2.28069811191091,18.046,16.8499999999999,2016.85,2018.046,115.56193504848,-9999
173,207,6.6011102730913,15.4648364623005,6.24438910465106,15.2563495808619,18.0564999999999,15.5525,2015.5525,2018.0565,45.9233177949095,-9999
113,284,5.3355578280041,16.2348212290146,4.73769845475241,13.7763394942137,18.1015,17.4414999999999,2017.4415,2018.1015,280.635979319829,-9999
212,234,10.838905485028,15.3765875741074,11.2369197774269,16.257532969339,18.1949999999999,15.8135,2015.8135,2018.195,NA,-9999
177,185,13.3980932692071,-2.13168824298409,14.4438420150177,-8.37785240397221,18.2460000000001,15.0799999999999,2015.08,2018.246,684.860476879157,-9999
141,289,16.0302922645685,1.8483038763406,18.7822437641933,1.55591566718244,18.2515000000001,16.1120000000001,2016.112,2018.2515,NA,-9999
253,265,11.8453497518928,-0.967083853759296,11.4485973959293,-0.922131572853527,18.2650000000001,16.9375,2016.9375,2018.265,44.439113994598,-9999
102,162,4.26927721750201,14.506896998583,3.27562725385512,14.189610697438,18.2774999999999,14.672,2014.672,2018.2775,116.09604168422,-9999
146,309,15.3941087146473,1.81877552376153,15.0325858065508,1.10900966357569,18.2805000000001,17.9124999999999,2017.9125,2018.2805,86.214864728471,-9999
171,190,8.16535104099461,10.8750133028437,4.05283475338725,10.7198767915617,18.2855,15.3695,2015.3695,2018.2855,458.143035346547,-9999
207,318,6.24438910465106,15.2563495808619,5.01488231267632,14.3939637873546,18.3175000000001,18.0564999999999,2018.0565,2018.3175,166.919376823285,-9999
185,322,14.4438420150177,-8.37785240397221,13.8956094816651,-8.45447190639822,18.3405,18.2460000000001,2018.246,2018.3405,61.5891326572683,-9999
210,237,12.5047069913764,0.065122265688875,16.828363952548,7.79742870632007,18.3554999999999,16.2950000000001,2016.295,2018.3555,961.597572800375,-9999
294,312,10.8288853193646,16.9718974894011,10.8940569828655,16.5426484186837,18.4290000000001,17.9935,2017.9935,2018.429,47.4871129981354,-9999
77,279,17.3823068095959,6.73727938361257,15.5286732734203,5.47215519693593,18.4400000000001,17.2384999999999,2017.2385,2018.44,246.624439317937,-9999
93,281,6.68012123422255,15.5160791142152,5.30809376214405,14.3055446647997,18.461,17.3685,2017.3685,2018.461,203.201931019502,-9999
216,257,5.85598275998221,15.2263808597864,8.04594793805193,16.986855763858,18.4770000000001,16.7025000000001,2016.7025,2018.477,311.894367175677,-9999
224,244,8.9155345135413,5.92866897200398,10.8528399774648,-0.667737088406443,18.4974999999999,16.5505000000001,2016.5505,2018.4975,754.853080994988,-9999
197,269,19.6552928781787,12.975030545493,20.9332099711692,14.7217862070786,18.5364999999999,16.9974999999999,2016.9975,2018.5365,231.301816398708,-9999
131,135,17.6767663223318,7.97703125629817,17.1475689830857,7.29368214639161,18.5395000000001,13.7555,2013.7555,2018.5395,93.485292862239,-9999
42,316,14.6943319282823,-3.27767860623696,6.84022001512635,-7.38062725520561,18.547,11.5844999999999,2011.5845,2018.547,NA,-9999
215,291,7.43332673951641,10.1823860833248,6.83520648024049,12.136772011205,18.5985000000001,17.5605,2017.5605,2018.5985,225.919324095172,-9999
237,336,16.828363952548,7.79742870632007,17.6288764732258,7.67660535295325,18.6115,18.3554999999999,2018.3555,2018.6115,90.0373856912642,-9999
336,351,17.6288764732258,7.67660535295325,17.2970972168316,7.80266873197996,18.636,18.6115,2018.6115,2018.636,39.2861714017082,-9999
145,202,8.0839058680009,6.61916372714385,8.60566807335979,-1.96017145750503,18.6420000000001,15.508,2015.508,2018.642,946.734374357575,-9999
127,227,9.54258109744384,18.8504502258678,10.1595411222698,19.1690055738474,18.7439999999999,16.0315000000001,2016.0315,2018.744,77.0587820546898,-9999
291,349,6.83520648024049,12.136772011205,7.08960178812278,12.2375948090657,18.7439999999999,18.5985000000001,2018.5985,2018.744,30.4329466074146,-9999
113,285,5.3355578280041,16.2348212290146,7.1204680071873,16.9409292884146,18.7760000000001,17.4414999999999,2017.4415,2018.776,213.515112942848,-9999
185,323,14.4438420150177,-8.37785240397221,11.7821247088903,-5.72191014200373,18.78,18.2460000000001,2018.246,2018.78,413.163517902945,-9999
262,310,19.2010323515198,0.411169849508665,19.5215239115621,-0.522540691203359,18.7925,17.9404999999999,2017.9405,2018.7925,104.354248844063,-9999
180,296,9.71718778416599,19.3856599155433,9.05765595323765,19.8033377688649,18.904,17.6885,2017.6885,2018.904,86.5748839651456,-9999
58,105,6.95621855452973,9.54623672553012,3.67943277394304,10.8515013654582,18.9059999999999,12.9085,2012.9085,2018.906,392.421518625347,-9999
162,327,3.27562725385512,14.189610697438,4.07885994447913,14.3149362697396,18.9245000000001,18.2774999999999,2018.2775,2018.9245,90.4964061716657,-9999
103,247,4.92566168531398,14.4056169779756,4.58438030747898,14.5468551526007,18.9324999999999,16.5764999999999,2016.5765,2018.9325,41.0970679531557,-9999
193,277,9.76033254193678,-2.83568895440026,9.60213278113243,-4.6016730240956,18.9825000000001,17.1835000000001,2017.1835,2018.9825,194.594677687013,-9999
312,338,10.8940569828655,16.5426484186837,9.72283180860833,18.1433651715508,18.9929999999999,18.4290000000001,2018.429,2018.993,218.487452333799,-9999
265,325,11.4485973959293,-0.922131572853527,13.6832975874959,-0.258136838813442,18.9974999999999,18.2650000000001,2018.265,2018.9975,259.02468550917,-9999
267,282,7.63840731150939,11.401208324077,7.51884103402969,12.8697695222714,19.0340000000001,17.4404999999999,2017.4405,2019.034,162.603442271903,-9999
351,352,17.2970972168316,7.80266873197996,18.1225677136787,7.46042295253649,19.0535,18.636,2018.636,2019.0535,98.8022029829818,-9999
207,319,6.24438910465106,15.2563495808619,5.61572403778955,15.1052367388991,19.0640000000001,18.0564999999999,2018.0565,2019.064,71.9578496489424,-9999
196,293,19.5104712557881,9.99646990343562,18.2707755732941,8.33878398560543,19.1020000000001,17.6605,2017.6605,2019.102,222.552457168733,-9999
106,287,13.438404569777,1.54277790623289,13.1759334717994,-1.29236702750406,19.115,17.5284999999999,2017.5285,2019.115,308.529706196593,-9999
267,283,7.63840731150939,11.401208324077,5.30074598848773,9.08811598744203,19.1275000000001,17.4404999999999,2017.4405,2019.1275,364.937902417899,-9999
190,330,4.05283475338725,10.7198767915617,3.46243079684659,12.9635248248795,19.1324999999999,18.2855,2018.2855,2019.1325,257.754190256501,-9999
141,231,16.0302922645685,1.8483038763406,16.0156075462762,1.24844495834344,19.152,16.1120000000001,2016.112,2019.152,64.2051413439395,-9999
135,345,17.1475689830857,7.29368214639161,19.4869885429632,9.71341502186422,19.1755000000001,18.5395000000001,2018.5395,2019.1755,364.976357247143,-9999
163,201,5.47563487252234,15.1930503572221,5.7342704868147,14.7176174354906,19.1775,15.4670000000001,2015.467,2019.1775,60.0295053362354,-9999
135,344,17.1475689830857,7.29368214639161,16.9419629774981,6.52036723777311,19.1959999999999,18.5395000000001,2018.5395,2019.196,85.430290437101,-9999
263,314,18.1789331220356,-2.28069811191091,17.290072177433,-0.228548893250552,19.2184999999999,18.046,2018.046,2019.2185,239.035559194487,-9999
216,256,5.85598275998221,15.2263808597864,12.6152179703574,11.8769434701483,19.2384999999999,16.7025000000001,2016.7025,2019.2385,837.546591487729,-9999
316,347,6.84022001512635,-7.87000580254598,8.09898433579443,-7.45765367819356,19.2729999999999,18.547,2018.547,2019.273,147.336680142951,-9999
221,250,14.4260467066233,-6.4353759697956,16.8887069092728,-5.18526891145188,19.2739999999999,16.5875000000001,2016.5875,2019.274,305.144296491171,-9999
309,328,15.0325858065508,1.10900966357569,16.8084066145615,1.67836844987997,19.279,18.2805000000001,2018.2805,2019.279,206.873413964976,-9999
167,260,8.69224516670026,14.5688612077328,8.66155736798817,19.1593244577174,19.3019999999999,16.845,2016.845,2019.302,505.187783186833,-9999
197,268,19.6552928781787,12.975030545493,16.6034358194878,12.148290905315,19.309,16.9974999999999,2016.9975,2019.309,350.819616745732,-9999
338,372,9.72283180860833,18.1433651715508,9.89296641049142,17.6638035362974,19.309,18.9929999999999,2018.993,2019.309,55.9120189158535,-9999
202,355,8.60566807335979,-1.96017145750503,8.583093628101,-2.30165851223289,19.3299999999999,18.6420000000001,2018.642,2019.33,37.6726979396238,-9999
231,386,16.0156075462762,1.24844495834344,15.9740642835402,0.146189919482144,19.3515,19.152,2019.152,2019.3515,118.047359521579,-9999
186,233,7.73829562086298,16.1624062281809,4.67625211870718,19.4728803487283,19.3605,16.1315,2016.1315,2019.3605,500.394529299413,-9999
372,397,9.89296641049142,17.6638035362974,9.83966715548267,17.4055674876578,19.3675000000001,19.309,2019.309,2019.3675,28.9375068807758,-9999
279,341,15.5286732734203,5.47215519693593,16.0824913312898,8.17406148050965,19.3924999999999,18.4400000000001,2018.44,2019.3925,295.905097127361,-9999
265,324,11.4485973959293,-0.922131572853527,10.4884770109612,-1.28598522405577,19.4095,18.2650000000001,2018.265,2019.4095,114.041754444721,-9999
272,295,10.011501083232,16.6930524472416,12.3953594557743,17.7735494054227,19.4159999999999,17.664,2017.664,2019.416,290.425187147418,-9999
209,302,6.22980837733169,19.2355489052168,4.84217597799773,19.69368744206,19.4159999999999,17.779,2017.779,2019.416,162.603396345103,-9999
126,238,6.80223055062224,15.552294921786,7.86156818003105,16.2860044956521,19.4295,14.7055,2014.7055,2019.4295,NA,-9999
352,376,18.1225677136787,7.46042295253649,17.0981932251355,6.40009580223628,19.442,19.0535,2019.0535,2019.442,160.193844252396,-9999
162,326,3.27562725385512,14.189610697438,4.01123471002839,14.8180533474396,19.4905000000001,18.2774999999999,2018.2775,2019.4905,107.613865173947,-9999
213,307,10.9447854001169,17.8555862025707,10.5601347190081,17.9109867084455,19.4939999999999,17.9110000000001,2017.911,2019.494,43.2473569270592,-9999
386,400,15.9740642835402,0.146189919482144,16.030454790523,0.401483536743432,19.5029999999999,19.3515,2019.3515,2019.503,28.0309937909523,-9999
310,361,19.5215239115621,-0.522540691203359,19.7768224696263,-0.209181120003983,19.521,18.7925,2018.7925,2019.521,43.4403458106779,-9999
352,377,18.1225677136787,7.46042295253649,17.7572040138994,8.4134100391508,19.5295000000001,19.0535,2019.0535,2019.5295,108.819009598173,-9999
328,392,16.8084066145615,1.67836844987997,16.3057290523319,1.31684844431787,19.5574999999999,19.279,2019.279,2019.5575,67.9683809252996,-9999
221,274,14.4260467066233,-6.4353759697956,13.5552485717676,-6.51051853427432,19.5585000000001,16.5875000000001,2016.5875,2019.5585,NA,-9999
227,357,10.1595411222698,19.1690055738474,8.4410209470463,19.8806457847177,19.5854999999999,18.7439999999999,2018.744,2019.5855,206.669300243904,-9999
187,417,10.2264190092566,17.8805345924274,5.55043064124147,19.7632136777206,19.5905,16.7025000000001,2016.7025,2019.5905,NA,-9999
325,374,13.6832975874959,-0.258136838813442,10.7932349775481,-1.29794037099973,19.5999999999999,18.9974999999999,2018.9975,2019.6,341.036812685936,-9999
302,410,4.84217597799773,19.69368744206,5.76753464670128,19.983330970021,19.6220000000001,19.4159999999999,2019.416,2019.622,107.90166786696,-9999
209,303,6.22980837733169,19.2355489052168,5.79385795628073,16.0119551923993,19.6495,17.779,2017.779,2019.6495,360.17257779682,-9999
58,299,6.95621855452973,9.54623672553012,9.24333529401268,2.6210155010786,19.6569999999999,12.9085,2012.9085,2019.657,NA,-9999
319,378,5.61572403778955,15.1052367388991,4.83495854926389,15.4751153161119,19.681,19.0640000000001,2019.064,2019.681,96.1046809848489,-9999
314,391,17.290072177433,-0.228548893250552,16.0700269110592,-0.724510909127062,19.6880000000001,19.2184999999999,2019.2185,2019.688,145.754072387766,-9999
105,364,3.67943277394304,10.8515013654582,3.68746170991803,11.9036211030233,19.7125000000001,18.9059999999999,2018.906,2019.7125,116.887496471745,-9999
318,332,5.01488231267632,14.3939637873546,3.73939968679386,15.1133695563918,19.723,18.3175000000001,2018.3175,2019.723,162.904686024003,-9999
249,442,12.2606190634787,1.23034124548902,15.1670692589371,1.41939053629655,19.7239999999999,17.8395,2017.8395,2019.724,NA,-9999
355,399,8.583093628101,-2.30165851223289,8.44904354899398,-4.78394701164285,19.748,19.3299999999999,2019.33,2019.748,273.697760554302,-9999
309,329,15.0325858065508,1.10900966357569,16.2079059319739,2.45912558786712,19.7745,18.2805000000001,2018.2805,2019.7745,195.117300269003,-9999
110,382,16.2709106698981,-1.62703456729416,16.3186006577363,-3.78119124969968,19.7755,15.4459999999999,2015.446,2019.7755,NA,-9999
291,348,6.83520648024049,12.136772011205,8.90520949160572,5.97714436741135,19.787,18.5985000000001,2018.5985,2019.787,717.236709822631,-9999
351,353,17.2970972168316,7.80266873197996,16.6643510425486,8.65797868213541,19.8,18.636,2018.636,2019.8,115.128282878475,-9999
353,467,16.6643510425486,8.65797868213541,16.5225727990318,8.99131107231596,19.825,19.8,2019.8,2019.825,38.9076225020504,-9999
93,280,6.68012123422255,15.5160791142152,8.14166628607219,13.7118257823196,19.8430000000001,17.3685,2017.3685,2019.843,257.182204385791,-9999
295,409,12.3953594557743,17.7735494054227,11.672839640775,18.7034295605291,19.855,19.4159999999999,2019.416,2019.855,129.304079464525,-9999
262,311,19.2010323515198,0.411169849508665,17.3069027159809,-0.697456367907093,19.8675000000001,17.9404999999999,2017.9405,2019.8675,241.243123663249,-9999
417,434,5.55043064124147,19.9274873205165,5.15859647823059,19.3645452782342,19.884,19.5905,2019.5905,2019.884,76.130944281619,-9999
172,367,5.92499503049224,17.5799217445781,10.3465455287479,18.5276462784321,19.922,14.9905000000001,2014.9905,2019.922,NA,-9999
237,337,16.828363952548,7.79742870632007,15.9718634973432,9.80032142665916,19.9994999999999,18.3554999999999,2018.3555,2019.9995,234.184298024551,-9999
322,334,13.8956094816651,-8.45447190639822,12.6502428736912,-10.8490702212348,20.0350000000001,18.3405,2018.3405,2020.035,294.166768950737,-9999
310,360,19.5215239115621,-0.522540691203359,17.3054065882171,-0.344457410765493,20.0775000000001,18.7925,2018.7925,2020.0775,247.422674501983,-9999
169,243,11.2069846274588,5.23589933074793,13.5424223665191,11.7684854113103,20.0785000000001,16.5239999999999,2016.524,2020.0785,756.351957743569,-9999
74,136,12.1880809443285,-0.0246484436100527,14.2879803951659,-4.01843441461852,20.162,13.9135000000001,2013.9135,2020.162,491.859814493383,-9999
294,313,10.8288853193646,16.9718974894011,9.34530325629323,19.4265654621729,20.165,17.9935,2017.9935,2020.165,315.681059657537,-9999
442,457,15.1670692589371,1.97588620616011,15.4091841840169,2.21067336769551,20.1659999999999,19.7239999999999,2019.724,2020.166,36.9071902381498,-9999
360,474,17.3054065882171,-0.344457410765493,16.8769899962994,-0.491038328624394,20.2090000000001,20.0775000000001,2020.0775,2020.209,50.17864796133,-9999
332,460,3.73939968679386,15.1133695563918,3.0956540327814,14.8364051245241,20.221,19.723,2019.723,2020.221,NA,-9999
349,358,7.08960178812278,12.2375948090657,8.76966239678033,12.8370342595437,20.2215000000001,18.7439999999999,2018.744,2020.2215,198.364825309824,-9999
302,411,4.84217597799773,19.69368744206,4.37782506903944,17.8574507307526,20.222,19.4159999999999,2019.416,2020.222,210.210173885937,-9999
200,217,5.35090923028942,15.6761729614506,12.4377692003763,19.8433999093271,20.2239999999999,15.75,2015.75,2020.224,912.250370642974,-9999
77,278,17.3823068095959,6.73727938361257,17.4554231559211,6.03297138905581,20.231,17.2384999999999,2017.2385,2020.231,75.2521754299627,-9999
474,482,16.8769899962994,-0.491038328624394,16.8225421283672,-0.697028868871352,20.2349999999999,20.2090000000001,2020.209,2020.235,22.7687914128753,-9999
201,389,5.7342704868147,14.7176174354906,4.68461515145042,14.547952317571,20.3030000000001,19.1775,2019.1775,2020.303,118.355886029053,-9999
152,165,10.73505785916,13.4774491777251,6.7458988206738,17.8423414481041,20.3150000000001,14.7014999999999,2014.7015,2020.315,654.045183840034,-9999
377,492,17.7572040138994,8.4134100391508,16.3483129929119,8.68617589477614,20.3815,19.5295000000001,2019.5295,2020.3815,NA,-9999
326,429,4.01123471002839,14.8180533474396,3.27056489262762,14.930026518672,20.3905,19.4905000000001,2019.4905,2020.3905,NA,-9999
295,408,12.3953594557743,17.7735494054227,12.9905091457147,17.6371174709304,20.405,19.4159999999999,2019.416,2020.405,67.8909508325438,-9999
360,475,17.3054065882171,-0.344457410765493,17.7847403930172,0.690702463366092,20.4159999999999,20.0775000000001,2020.0775,2020.416,122.148652013533,-9999
399,458,8.44904354899398,-4.78394701164285,10.2596837282495,-2.86939983715342,20.432,19.748,2019.748,2020.432,291.293096673128,-9999
287,495,13.1759334717994,-1.29236702750406,11.6362751156793,-2.42037798540152,20.5165,19.115,2019.115,2020.5165,NA,-9999
364,451,3.68746170991803,11.9036211030233,3.53265348385528,12.3341421540057,20.5235,19.7125000000001,2019.7125,2020.5235,50.842112817474,-9999
374,436,10.7932349775481,-1.29794037099973,12.007285395688,-1.05664541725422,20.5574999999999,19.5999999999999,2019.6,2020.5575,137.69392793313,-9999
106,286,13.438404569777,1.54277790623289,14.3801871534454,1.95215104892392,20.5599999999999,17.5284999999999,2017.5285,2020.56,113.793067264554,-9999
410,439,5.76753464670128,19.983330970021,7.73413248494048,19.2092974733123,20.633,19.6220000000001,2019.622,2020.633,235.056745401668,-9999
253,406,11.8453497518928,-0.967083853759296,10.7790453874774,-6.49703260985583,20.6500000000001,16.9375,2016.9375,2020.65,NA,-9999
260,395,8.66155736798817,19.1593244577174,8.02813338541309,18.4864456532282,20.6824999999999,19.3019999999999,2019.302,2020.6825,102.299935793389,-9999
458,511,10.2596837282495,-2.86939983715342,9.4348598083535,-2.59210276928229,20.684,20.432,2020.432,2020.684,96.7287037353055,-9999
263,525,18.1789331220356,-2.28069811191091,20.849606294766,-2.86071764969256,20.6849999999999,18.046,2018.046,2020.685,NA,-9999
70,228,11.401911436954,0.703328891182575,9.47759420107444,0.266447212778984,20.701,14.9739999999999,2014.974,2020.701,NA,-9999
287,384,13.1759334717994,-1.29236702750406,11.0094565712505,-2.42331377133734,20.75,19.115,2019.115,2020.75,270.779408905163,-9999
322,335,13.8956094816651,-8.45447190639822,13.8515954497711,-9.04669353066808,20.7835,18.3405,2018.3405,2020.7835,64.1923352054333,-9999
391,448,16.0700269110592,-0.724510909127062,16.1497889352971,-0.0912781805240541,20.797,19.6880000000001,2019.688,2020.797,68.3052766857315,-9999
332,455,3.73939968679386,15.1133695563918,3.17035301346306,14.742285858359,20.808,19.723,2019.723,2020.808,75.5868600371453,-9999
355,398,8.583093628101,-2.30165851223289,7.6821204135087,-2.4967358577836,20.819,19.3299999999999,2019.33,2020.819,102.57789640963,-9999
217,488,12.4377692003763,19.8433999093271,11.7416302279128,19.4849941718819,20.8705,20.2239999999999,2020.224,2020.8705,86.7631985397434,-9999
406,521,10.7790453874774,-9.85185797276434,10.8031908559249,-9.72142814118538,20.874,20.6500000000001,2020.65,2020.874,14.5142573698095,-9999
231,387,16.0156075462762,1.24844495834344,19.7092436758422,1.75795989359693,20.875,19.152,2019.152,2020.875,414.717229066823,-9999
411,486,4.37782506903944,17.8574507307526,3.52452486295709,18.291612843675,20.894,20.222,2020.222,2020.894,106.529410492268,-9999
455,537,3.17035301346306,14.742285858359,3.72272618301803,14.7506434341752,20.9000000000001,20.808,2020.808,2020.9,61.499332494792,-9999
281,445,5.30809376214405,14.3055446647997,5.65411540998951,11.8445461466481,20.9059999999999,18.461,2018.461,2020.906,NA,-9999
316,346,6.84022001512635,-7.87000580254598,5.91978883436612,-7.47495388251052,20.912,18.547,2018.547,2020.912,111.397822207007,-9999
377,532,17.7572040138994,8.4134100391508,19.5134629969135,9.95094462716765,21.0055,19.5295000000001,2019.5295,2021.0055,NA,-9999
217,501,12.4377692003763,19.8433999093271,12.8940489404253,19.8948685252067,21.0160000000001,20.2239999999999,2020.224,2021.016,NA,-9999
201,430,5.7342704868147,14.7176174354906,4.77042599914763,13.4424799049751,21.028,19.1775,2019.1775,2021.028,NA,-9999
336,350,17.6288764732258,7.67660535295325,17.8402662070435,6.34331091055053,21.076,18.6115,2018.6115,2021.076,143.318726182487,-9999
357,432,8.4410209470463,19.8806457847177,5.91616078707734,19.3356819782486,21.0915,19.5854999999999,2019.5855,2021.0915,287.448867673046,-9999
312,550,10.8940569828655,16.5426484186837,12.8472521101374,16.28816196201,21.1095,18.4290000000001,2018.429,2021.1095,NA,-9999
137,148,13.0395860674325,-1.54992961712207,9.36597130100135,2.09209659067077,21.1324999999999,14.3409999999999,2014.341,2021.1325,570.40944822095,-9999
451,512,3.53265348385528,12.3341421540057,3.296598644906,13.331769146986,21.1505,20.5235,2020.5235,2021.1505,113.934382401283,-9999
242,301,10.5073363339096,6.41117926824375,8.03011024537608,8.37923802319942,21.1955,17.7660000000001,2017.766,2021.1955,350.427676025308,-9999
398,538,7.6821204135087,-2.4967358577836,7.47814604205229,-0.452871096109514,21.2349999999999,20.819,2020.819,2021.235,226.682469170433,-9999
406,520,10.7790453874774,-9.85185797276434,11.3643237519919,-10.2735429393697,21.2355,20.6500000000001,2020.65,2021.2355,79.7975280771779,-9999
52,405,4.29641670840805,16.2601136113452,4.96956877754834,11.3685976112263,21.2394999999999,13.3305,2013.3305,2021.2395,NA,-9999
146,308,15.3941087146473,1.81877552376153,14.3072667875503,2.83219399182954,21.2405000000001,17.9124999999999,2017.9125,2021.2405,162.880974458873,-9999
410,438,5.76753464670128,19.983330970021,5.87224286092743,19.1652463346618,21.2545,19.6220000000001,2019.622,2021.2545,91.3496599860508,-9999
474,483,16.8769899962994,-0.491038328624394,18.3959877809314,0.184224552867833,21.2574999999999,20.2090000000001,2020.209,2021.2575,183.648811752773,-9999
186,232,7.73829562086298,16.1624062281809,7.57666860750153,16.2896218364485,21.2635,16.1315,2016.1315,2021.2635,22.8199641333377,-9999
224,245,8.9155345135413,5.92866897200398,12.0470115062967,1.19874133750871,21.279,16.5505000000001,2016.5505,2021.279,624.12554543123,-9999
136,477,14.2879803951659,-4.01843441461852,14.3577991007002,-3.55448464821469,21.2795000000001,20.162,2020.162,2021.2795,50.6432714703879,-9999
384,535,11.0094565712505,-2.42331377133734,10.4057172212965,-2.02591409600845,21.2895000000001,20.75,2020.75,2021.2895,80.0429034669744,-9999
318,333,5.01488231267632,14.3939637873546,3.13338326664864,13.7190586932956,21.3085000000001,18.3175000000001,2018.3175,2021.3085,222.45827179288,-9999
277,370,9.60213278113243,-4.6016730240956,9.03503013298259,-2.06809553759546,21.3485000000001,18.9825000000001,2018.9825,2021.3485,285.394027756207,-9999
353,466,16.6643510425486,8.65797868213541,15.7755239752459,10.0405705027304,21.3915,19.8,2019.8,2021.3915,177.852831256752,-9999
457,481,15.4091841840169,2.21067336769551,15.2628757514402,1.94834584596479,21.4090000000001,20.1659999999999,2020.166,2021.409,32.5340494828557,-9999
372,396,9.89296641049142,17.6638035362974,8.87003029282088,18.6927217577917,21.4200000000001,19.309,2019.309,2021.42,160.434278262479,-9999
136,546,14.2879803951659,-4.01843441461852,14.708928043797,-5.72331810095223,21.4694999999999,20.162,2020.162,2021.4695,NA,-9999
520,575,11.3643237519919,-10.2735429393697,11.8807030614041,-9.41342750117197,21.479,21.2355,2021.2355,2021.479,110.003184197558,-9999
81,381,11.3832702077718,15.7915278123065,8.33373947126604,16.5966105476562,21.4994999999999,15.2715000000001,2015.2715,2021.4995,NA,-9999
475,508,17.7847403930172,0.690702463366092,18.7171883580975,2.31293898872553,21.51,20.4159999999999,2020.416,2021.51,200.472904316949,-9999
364,558,3.68746170991803,11.9036211030233,3.39539769431326,11.7726248816337,21.5309999999999,19.7125000000001,2019.7125,2021.531,NA,-9999
389,498,4.68461515145042,14.547952317571,4.94587530444979,14.6688013930283,21.54,20.3030000000001,2020.303,2021.54,32.025389968623,-9999
180,568,9.71718778416599,19.3856599155433,12.0405164182726,16.6661417371877,21.5815,17.6885,2017.6885,2021.5815,NA,-9999
242,491,10.5073363339096,6.41117926824375,6.4729062337736,0.170788592856924,21.5925,17.7660000000001,2017.766,2021.5925,NA,-9999
128,130,16.8759258391909,8.24828125297293,21.8300084312677,11.991803798342,21.5944999999999,13.5255,2013.5255,2021.5945,677.218731426839,-9999
429,505,3.27056489262762,15.0924335095002,4.06316930959403,15.5653843882264,21.595,20.3905,2020.3905,2021.595,102.695035902531,-9999
313,479,9.34530325629323,19.4265654621729,9.24215143867913,18.4829617290306,21.6005,20.165,2020.165,2021.6005,104.300750387954,-9999
349,359,7.08960178812278,12.2375948090657,5.38967419336687,12.8682002101119,21.607,18.7439999999999,2018.744,2021.607,201.698750322158,-9999
190,595,4.05283475338725,10.7198767915617,5.52992407270641,11.8815191967502,21.6199999999999,18.2855,2018.2855,2021.62,NA,-9999
488,541,11.7416302279128,19.4849941718819,12.2522828963455,18.1673583586788,21.6365000000001,20.8705,2020.8705,2021.6365,154.331286956079,-9999
488,540,11.7416302279128,19.4849941718819,12.5607323201168,18.8368394848729,21.6695,20.8705,2020.8705,2021.6695,115.283985614029,-9999
467,469,16.5225727990318,8.99131107231596,15.375272198686,4.489043189796,21.7249999999999,19.825,2019.825,2021.725,498.53589887436,-9999
227,356,10.1595411222698,19.1690055738474,11.6547204694001,16.2514991332927,21.7405000000001,18.7439999999999,2018.744,2021.7405,359.734124035996,-9999
196,609,19.5104712557881,9.99646990343562,21.2362249635817,12.6448785721441,21.7954999999999,17.6605,2017.6605,2021.7955,NA,-9999
457,557,15.4091841840169,2.21067336769551,16.1097908828687,3.69318881988422,21.8030000000001,20.1659999999999,2020.166,2021.803,NA,-9999
550,572,12.8472521101374,16.8360706307689,13.7783223495988,17.1113233429726,21.826,21.1095,2021.1095,2021.826,NA,-9999
386,401,15.9740642835402,0.146189919482144,15.4997162322267,-0.971768823520359,21.8405,19.3515,2019.3515,2021.8405,130.912745430398,-9999
53,589,4.76330291342512,15.6988698677633,4.85038809280414,17.6732795913732,21.873,13.366,2013.366,2021.873,NA,-9999
279,496,15.5286732734203,5.47215519693593,11.1593972335716,7.66311584887626,21.8885,18.4400000000001,2018.44,2021.8885,NA,-9999
359,605,5.38967419336687,12.8682002101119,5.54576169035512,12.8064252510371,21.8910000000001,21.607,2021.607,2021.891,18.67615211903,-9999
105,365,3.67943277394304,10.8515013654582,4.72419218393475,13.5622132872762,21.8924999999999,18.9059999999999,2018.906,2021.8925,322.643795815666,-9999
215,290,7.43332673951641,10.1823860833248,3.47947434557694,12.241248398405,21.9085,17.5605,2017.5605,2021.9085,495.757818636873,-9999
160,211,13.184143969956,1.40846893849188,16.0207361934418,-0.366120590206786,21.9275,15.6659999999999,2015.666,2021.9275,369.127583539863,-9999
429,504,3.27056489262762,15.0924335095002,4.14277571312714,14.4421624408301,21.9385,20.3905,2020.3905,2021.9385,121.022343251345,-9999
387,545,19.7092436758422,1.75795989359693,17.6498340585728,1.53640499635456,21.9694999999999,20.875,2020.875,2021.9695,230.448832409104,-9999
223,363,10.7721211052118,2.92671245824729,5.68681759169503,-1.20497039676156,21.9804999999999,16.5820000000001,2016.582,2021.9805,NA,-9999
389,581,4.68461515145042,14.547952317571,5.43692019374472,12.5596133798862,21.981,20.3030000000001,2020.303,2021.981,NA,-9999
202,522,8.60566807335979,-1.96017145750503,11.2840534798137,-0.688594483811656,21.9855,18.6420000000001,2018.642,2021.9855,NA,-9999
399,626,8.44904354899398,-4.78394701164285,8.55637409523379,-1.18448182831737,22.0699999999999,19.748,2019.748,2022.07,NA,-9999
411,611,4.37782506903944,17.8574507307526,5.2955962145277,18.3968928151755,22.0715,20.222,2020.222,2022.0715,NA,-9999
626,638,8.55637409523379,-1.05178286263722,8.32222854603316,-1.02702090630982,22.1175000000001,22.0699999999999,2022.07,2022.1175,26.2082225528701,-9999
436,516,12.007285395688,-1.05664541725422,10.0089332376788,-1.84233341711466,22.1665,20.5574999999999,2020.5575,2022.1665,238.455157276771,-9999
417,435,5.55043064124147,19.9274873205165,10.3842241069777,18.1591944119878,22.171,19.5905,2019.5905,2022.171,572.321795341902,-9999
357,630,8.4410209470463,19.8806457847177,7.00913995653017,17.230561534335,22.191,19.5854999999999,2019.5855,2022.191,NA,-9999
455,536,3.17035301346306,14.742285858359,4.97543689428837,16.708282347355,22.2235000000001,20.808,2020.808,2022.2235,296.707815612771,-9999
281,342,5.30809376214405,14.3055446647997,3.52038811707821,14.0623574190949,22.2435,18.461,2018.461,2022.2435,200.836296106486,-9999
260,447,8.66155736798817,19.1593244577174,7.65416010600241,18.9844763989868,22.252,19.3019999999999,2019.302,2022.252,NA,-9999
384,534,11.0094565712505,-2.42331377133734,8.74529978835603,-1.79317067185678,22.2629999999999,20.75,2020.75,2022.263,261.356277839681,-9999
436,517,12.007285395688,-1.05664541725422,13.2111463550894,-1.41778235460092,22.2725,20.5574999999999,2020.5575,2022.2725,139.64294743895,-9999
392,659,16.3057290523319,1.31684844431787,14.7315923937873,0.508618959769995,22.2760000000001,19.5574999999999,2019.5575,2022.276,NA,-9999
342,663,3.52038811707821,14.0623574190949,3.65203279981103,14.3383901819856,22.28,22.2435,2022.2435,2022.28,33.9904908762124,-9999
325,502,13.6832975874959,-0.258136838813442,8.74287440763853,-0.0571023183255059,22.2954999999999,18.9974999999999,2018.9975,2022.2955,NA,-9999
521,657,10.8031908559249,-9.72142814118538,9.7860043704329,-10.1635188943611,22.2964999999999,20.874,2020.874,2022.2965,NA,-9999
338,373,9.72283180860833,18.1433651715508,8.18489874808555,13.1667548498041,22.3140000000001,18.9929999999999,2018.993,2022.314,573.399263074264,-9999
342,662,3.52038811707821,14.0623574190949,3.34921730728594,14.0223969355016,22.3905,22.2435,2022.2435,2022.3905,19.5659592652013,-9999
392,424,16.3057290523319,1.31684844431787,18.6154040051091,2.53211161893482,22.4079999999999,19.5574999999999,2019.5575,2022.408,287.686837289916,-9999
467,635,16.5225727990318,8.99131107231596,18.4683628404226,10.4623339205147,22.4110000000001,19.825,2019.825,2022.411,NA,-9999
195,685,9.70108487100292,-1.9343610648332,18.000500881676,-5.52507517229956,22.4390000000001,17.0709999999999,2017.071,2022.439,NA,-9999
521,680,10.8031908559249,-9.72142814118538,9.8828027930077,-8.03627354213197,22.4514999999999,20.874,2020.874,2022.4515,NA,-9999
517,670,13.2111463550894,-1.41778235460092,13.3527840533283,-2.84596854422171,22.4570000000001,22.2725,2022.2725,2022.457,155.539419439357,-9999
401,617,15.4997162322267,-0.971768823520359,17.054382101495,-0.0452606786968133,22.5025000000001,21.8405,2021.8405,2022.5025,199.388026488968,-9999
626,639,8.55637409523379,-1.05178286263722,9.14494549910416,-0.887920163138776,22.5315000000001,22.0699999999999,2022.07,2022.5315,67.9560338513072,-9999
442,515,15.1670692589371,1.97588620616011,18.3073934919034,5.06342202674246,22.5450000000001,19.7239999999999,2019.724,2022.545,NA,-9999
458,571,10.2596837282495,-2.86939983715342,10.6444375295578,-1.94134736529317,22.5630000000001,20.432,2020.432,2022.563,NA,-9999
313,648,9.34530325629323,19.4265654621729,7.09206641099407,15.8581363610255,22.5640000000001,20.165,2020.165,2022.564,NA,-9999
391,621,16.0700269110592,-0.724510909127062,18.0434496714164,-0.517812793712383,22.5735,19.6880000000001,2019.688,2022.5735,NA,-9999
475,509,17.7847403930172,0.690702463366092,21.236675082775,0.817925117439735,22.575,20.4159999999999,2020.416,2022.575,384.514446003894,-9999
314,453,17.290072177433,-0.228548893250552,18.9577818398548,-1.18012811627777,22.5840000000001,19.2184999999999,2019.2185,2022.584,NA,-9999
534,669,8.74529978835603,-1.79317067185678,8.57878526728537,-1.92087906593137,22.5930000000001,22.2629999999999,2022.263,2022.593,23.2628469810204,-9999
311,473,17.3069027159809,-0.697456367907093,19.4277158939997,-0.161116743288022,22.605,19.8675000000001,2019.8675,2022.605,242.801079454221,-9999
319,613,5.61572403778955,15.1052367388991,3.79102234319623,16.0267831214296,22.6065000000001,19.0640000000001,2019.064,2022.6065,NA,-9999
361,421,19.7768224696263,-0.209181120003983,20.9985385450602,0.792097631736159,22.6065000000001,19.521,2019.521,2022.6065,171.504777065317,-9999
374,437,10.7932349775481,-1.29794037099973,7.85218634592161,2.56514043642201,22.625,19.5999999999999,2019.6,2022.625,535.951797295409,-9999
401,616,15.4997162322267,-0.971768823520359,14.9184321904814,-1.73854440381419,22.6300000000001,21.8405,2021.8405,2022.63,104.748919629583,-9999
398,539,7.6821204135087,-2.4967358577836,9.91122160854832,-1.25559587808502,22.6595,20.819,2020.819,2022.6595,283.233169827012,-9999
520,601,11.3643237519919,-10.2735429393697,9.89280127396294,-9.87691808069131,22.6759999999999,21.2355,2021.2355,2022.676,NA,-9999
359,714,5.38967419336687,12.8682002101119,6.50679351971581,12.8253772416111,22.694,21.607,2021.607,2022.694,NA,-9999
534,705,8.74529978835603,-1.79317067185678,8.94984723098469,-1.61346002773703,22.701,22.2629999999999,2022.263,2022.701,NA,-9999
249,304,12.2606190634787,1.23034124548902,12.3655205340058,1.51157237564365,22.7035000000001,17.8395,2017.8395,2022.7035,32.7410340270943,-9999
601,733,9.89280127396294,-10.282493931242,10.0711766732289,-10.0139524029835,22.73,22.6759999999999,2022.676,2022.73,35.5130996478057,-9999
451,703,3.53265348385528,12.3341421540057,4.25956254193613,13.0387179170635,22.7429999999999,20.5235,2020.5235,2022.743,NA,-9999
193,692,9.76033254193678,-2.83568895440026,13.8058017980749,2.39191706752296,22.7455,17.1835000000001,2017.1835,2022.7455,NA,-9999
326,415,4.01123471002839,14.8180533474396,3.31523954078392,16.0551413192822,22.7539999999999,19.4905000000001,2019.4905,2022.754,157.771079361527,-9999
361,641,19.7768224696263,-0.209181120003983,19.4804131624816,-3.72670534952956,22.7560000000001,19.521,2019.521,2022.756,NA,-9999
328,393,16.8084066145615,1.67836844987997,16.7658457820085,5.03966405039642,22.7895000000001,19.279,2019.279,2022.7895,358.273044062759,-9999
311,472,17.3069027159809,-0.697456367907093,14.5904637719267,0.878495172060709,22.8085000000001,19.8675000000001,2019.8675,2022.8085,346.261960425983,-9999
601,732,9.89280127396294,-10.282493931242,10.8992515179445,-11.3268494233089,22.8375000000001,22.6759999999999,2022.676,2022.8375,160.092645630348,-9999
195,271,9.70108487100292,-1.9343610648332,7.19909814479653,-0.792692808574891,22.8444999999999,17.0709999999999,2017.071,2022.8445,305.583148784573,-9999
575,722,11.8807030614041,-9.41342750117197,11.675546045218,-7.94059193567081,22.856,21.479,2021.479,2022.856,NA,-9999
575,592,11.8807030614041,-9.41342750117197,11.7863350730811,-7.81910473325687,22.867,21.479,2021.479,2022.867,174.031284791219,-9999
517,671,13.2111463550894,-1.41778235460092,12.3580832388864,-3.07550747273077,22.8755000000001,22.2725,2022.2725,2022.8755,203.486473176264,-9999
408,746,12.9905091457147,17.6371174709304,11.0373696074433,16.8435560475447,22.9414999999999,20.405,2020.405,2022.9415,NA,-9999
550,562,12.8472521101374,16.8360706307689,9.31115442043422,19.4857841147218,22.9414999999999,21.1095,2021.1095,2022.9415,488.599722509323,-9999
277,675,9.60213278113243,-4.6016730240956,5.48866286258695,-8.26832416088548,22.9590000000001,18.9825000000001,2018.9825,2022.959,NA,-9999
387,647,19.7092436758422,1.75795989359693,18.7850679965799,-0.348255345742836,22.9780000000001,20.875,2020.875,2022.978,NA,-9999
408,603,12.9905091457147,17.6371174709304,12.4853449942828,16.1867511778272,22.9829999999999,20.405,2020.405,2022.983,NA,-9999
